1162104	Zhob	02	31.36444	69.20749	355692
1163052	Kech	02	26.01791	63.11031	1060931
1163570	Thatta	05	24.49026	67.92284	1083191
1163602	Thar Parkar	05	24.82085	70.18002	1778407
1164211	Swat	03	35.2416	72.49933	2687384
1164407	Sukkur	05	27.49959	69.14697	1625467
1164536	South Waziristan Agency	03	32.30397	69.68207	888675
1164895	Sibi	02	29.55673	67.91611	224148
1164908	Sialkot	04	32.44333	74.56817	4499394
1165106	Shikarpur	05	27.95321	68.60919	1386330
1165218	Shekhupura	04	31.70969	74.1382	4049418
1165999	Sargodha	04	32.08958	72.71974	4334448
1166162	Sanghar	05	25.97964	69.29361	2308465
1166545	Sahiwal	04	30.54824	72.91365	2881811
1166991	Rawalpindi	04	33.42987	73.23092	6118911
1167458	Rahimyar Khan	04	28.4602	70.52837	5564703
1167527	Quetta	02	30.17458	66.76203	2272290
1167717	Poonch	06	33.81691	73.8252	0
1167820	Pishin	02	30.81809	67.21389	736903
1168195	Peshawar	03	33.98512	71.55784	4331959
1168444	Panjgur	02	26.7375	64.2038	509781
1168705	Orakzai Agency	03	33.70777	71.00238	387561
1168875	North Waziristan	03	32.95087	69.95764	693137
1169115	Nawabshah	05	26.36655	68.31772	1845102
1169249	Nasirabad	02	28.62643	68.12925	563315
1169603	Muzaffargarh	04	30.03739	71.05876	3528567
1169606	Muzaffarabad	06	34.3428	73.58986	0
1169821	Multan	04	29.93312	71.38607	5362305
1170122	Mohmand Agency	03	34.46386	71.35116	553933
1170297	Mirpur	06	33.21556	73.75144	0
1170424	Mianwali	04	32.70126	71.51325	1795897
1170875	Mardan	03	34.30671	72.09042	2744898
1170950	Mansehra	03	34.64827	73.4647	1797177
1171388	Malakand Protected Area	03	34.53635	71.8847	0
1171867	Loralai	02	30.30253	68.84636	272432
1172115	Lasbela	02	25.78634	66.6033	680977
1172127	Larkana	05	27.52111	68.19208	1784453
1172449	Lahore	04	31.48627	74.3979	12978661
1172574	Kurram	03	33.71017	70.3401	615372
1173037	Kotli	06	33.44559	73.91557	774194
1173463	Kohlu	02	29.64414	68.80721	213933
1173489	Kohat	03	33.44911	71.54394	1234661
1173641	Khyber Agency	03	33.96113	71.0577	986973
1173663	Khuzdar	02	27.4868	66.58703	997214
1174059	Kharan	02	28.60862	65.53123	260352
1174349	Khairpur	05	26.83477	69.06444	2597535
1174623	Kasur	04	31.00695	74.13534	4084286
1175293	Kalat	02	28.88242	66.53165	271560
1175527	Kachhi	02	29.50385	67.49516	442674
1175862	Jhelum	04	32.8205	73.356	1382308
1175906	Jhang	04	31.32804	72.35501	3077720
1176514	Jacobabad	05	28.2221	68.4902	1174097
1176733	Hyderabad	05	25.43244	68.48421	2432540
1176775	Hunza-Nagar	07	36.49721	75.00414	80355
1177445	Gwadar	02	25.39336	63.18104	305160
1177651	Gujrat	04	32.70049	74.05447	2756289
1177658	Gujranwala	04	32.1885	74.05362	4966338
1178336	Gilgit	07	36.25	74.25	0
1179399	Faisalabad	04	31.23089	73.19753	9075819
1179754	Upper Dir	03	35.30879	72.04692	1083566
1180280	Dera Ismail Khan Tribal Area	03	31.55687	70.16485	0
1180282	Dera Ismail Khan	03	31.85963	70.64879	1822916
1180287	Dera Ghazi Khan	04	30.475	70.40447	11014398
1180802	Dadu	05	26.87326	67.50895	1742307
1181064	Chitral	03	36.25829	72.24302	447362
1181950	Chagai	02	28.98765	63.59087	269192
1182146	Buner	03	34.44301	72.49933	1016869
1183459	Bannu	03	32.90357	70.63676	1357890
1183615	Skardu	07	35.40116	75.62633	214848
1183781	Bajaur Agency	03	34.75732	71.49067	1090987
1183876	Bahawalpur	04	28.83993	71.71272	4284964
1183882	Bahawalnagar	04	29.64106	73.02531	3550342
1184051	Badin	05	24.72437	68.87457	1947081
1184248	Attock	04	33.50812	72.33416	2133005
1185055	Abbottabad	03	34.09497	73.26043	1419072
1376894	Mirpur Khas	05	25.5508	69.00307	1681386
6641896	Awaran	02	26.21157	65.42944	178958
6641912	Barkhan	02	29.98482	69.69944	210249
6641919	Dera Bugti	02	28.9425	69.06883	355274
6641922	Jafarabad	02	28.30104	68.19783	513972
6641923	Jhal Magsi	02	28.36881	67.543	203368
6641952	Mastung	02	29.79455	66.72068	313271
6641955	Musa Khel	02	30.84937	69.90069	182275
6641960	Nushki	02	29.5	65.66667	178947
6641961	Qila Abdullah	02	30.69854	66.55611	361971
6641963	Qila Saifullah	02	30.95392	68.33996	380200
6641965	Washuk	02	27.75	64.5	302623
6641972	Ziarat	02	30.43591	67.50962	160095
7331706	Toba Tek Singh	04	30.92857	72.53692	2524044
7352189	Naushahro Firoz	05	26.8756	68.12067	1777082
7418822	Ghotki	05	27.81569	69.65807	1772609
7418846	Lodhran	04	29.68691	71.6902	1928299
7418850	Pakpattan	04	30.30098	73.26013	2136170
7418888	Okara	04	30.70939	73.68882	3515490
7418890	Khanewal	04	30.37339	72.06096	3364077
7418962	Hafizabad	04	32.02191	73.51315	1319909
7418963	Mandi Bahauddin	04	32.44206	73.46183	1829486
7418964	Chakwal	04	32.89779	72.53114	1132608
7418965	Khushab	04	32.18259	72.111	1501089
7418966	Bhakkar	04	31.64699	71.43428	1957470
7418967	Layyah	04	30.968	70.943	1823995
7418968	Narowal	04	32.21114	74.95318	1950954
7419039	Lakki Marwat	03	32.59921	70.85119	1040856
7419040	Tank	03	32.24	70.39256	470293
7419041	Tank Frontier Region	03	32.46451	70.30597	0
7419043	Bannu Tribal Area	03	33.11444	70.6087	0
7419044	Lakki Marwat Tribal Area	03	32.64131	70.37694	0
7419047	Karak	03	33.13609	71.08336	815878
7419048	Hangu	03	33.44718	70.88772	518811
7419049	Peshawar Frontier Region	03	33.74097	71.74599	0
7419050	Tribal Area Adjoining Kohat	03	33.66399	71.59205	0
7419051	Charsadda	03	34.25102	71.69037	1835504
7419052	Nowshera	03	33.92538	71.98092	1740705
7419053	Shangla	03	34.68516	72.70139	759609
7419054	Haripur	03	33.9459	72.91146	1173056
7419055	Swabi	03	34.14133	72.47665	156496
7419056	Lower Dir	03	34.85194	71.85335	1650183
7419077	Ghanche	07	35.21695	76.42429	88366
7419156	Jamshoro	05	25.74112	67.81364	1117308
7419157	Matiari	05	25.87582	68.41338	849383
7419159	Nankana Sahib	04	31.48198	73.69882	1634871
7536187	Bhimbar	06	33.00941	74.11762	420624
7536188	Bagh	06	33.99611	73.75769	0
8061265	Tor Ghar	03	34.55872	72.85207	171349
8199376	Neelum	06	34.93	74.504	216000
8224052	Battagram	03	34.68051	73.00535	554133
8309731	Rajanpur	04	29.15928	70.15183	2323980
8309748	Astor	07	35.31352	74.92388	71666
8309754	Haveli	06	33.92591	74.11295	152124
8309755	Hatian	06	34.17282	73.84699	230529
8309758	Harnai	02	30.16616	67.68111	97052
8309759	Shirani	02	31.75421	69.70663	191687
8358419	Gilgit	07	35.88013	74.41232	330000
8358421	Diamir	07	35.53409	74.03287	0
8986039	Sudhanoti	06	33.715	73.68583	297584
9034783	Qamber Shahdadkot	05	27.58917	68	1514869
9035095	Kashmore	05	28.44107	69.58354	1233957
9072726	Umerkot	05	25.37	69.73	1159831
9625763	Tando Allahyar	05	25.46	68.72	922012
9625902	Tando Mohammad Khan	05	25.01667	68.48333	726119
10300608	Sujawal	05	24.60639	68.07194	839292
10344547	Vehari	04	30.04194	72.35278	3430421
11594770	Ghizer	07	36.1667	73.75	0
11744831	Karachi Central	05	24.95531	67.07147	3822325
11744832	Karachi East	05	24.9238	67.12322	3913656
11744833	Karachi South	05	24.82426	67.03311	2329764
11744834	Kharmang	07	34.90302	76.0805	0
11744835	Korangi	05	24.85545	67.16728	1362998
11744837	Malir	05	25.14593	67.31375	2008901
11744838	Nagar	07	36.27332	74.62348	87500
11744839	Shigar	07	35.76145	75.75074	0
11744842	Sohbatpur	02	28.50933	68.64553	240106
11886901	Chiniot	04	31.72	72.98	1563024
12105028	Lower Kohistan	03	35.11028	73.00495	340017
12105031	Upper Kohistan	03	35.27377	73.22684	300000
12105033	District of West Karachi	05	24.90847	66.86663	0
13631695	Usta Muhammad	02	28.17833	68.04305	0
